{"cameraMode":{"drawMode":0,"name":"Shaded","section":"Shading Mode"},"sceneLighting":false,"audioPlay":false,"sceneViewState":{"m_AlwaysRefresh":false,"showFog":true,"showSkybox":false,"showFlares":true,"showImageEffects":true,"showParticleSystems":true,"showVisualEffectGraphs":true,"m_FxEnabled":true},"in2DMode":false,"pivot":{"x":3.857905626296997,"y":2.1464133262634279,"z":19.71809196472168},"rotation":{"x":0.015307299792766571,"y":-0.010710615664720536,"z":0.00015133281704038382,"w":0.9995707273483276},"size":3.918117046356201,"orthographic":false}