{"cameraMode":{"drawMode":0,"name":"Shaded","section":"Shading Mode"},"sceneLighting":false,"audioPlay":false,"sceneViewState":{"m_AlwaysRefresh":false,"showFog":true,"showSkybox":false,"showFlares":true,"showImageEffects":true,"showParticleSystems":true,"showVisualEffectGraphs":true,"m_FxEnabled":true},"in2DMode":false,"pivot":{"x":0.031170064583420755,"y":0.3462161719799042,"z":0.17758896946907044},"rotation":{"x":-0.03029913827776909,"y":-0.005203642882406712,"z":0.00016217528900597245,"w":-0.9992474913597107},"size":1.042507529258728,"orthographic":false}