{"cameraMode":{"drawMode":0,"name":"Shaded","section":"Shading Mode"},"sceneLighting":false,"audioPlay":false,"sceneViewState":{"m_AlwaysRefresh":false,"showFog":true,"showSkybox":false,"showFlares":true,"showImageEffects":true,"showParticleSystems":true,"showVisualEffectGraphs":true,"m_FxEnabled":true},"in2DMode":false,"pivot":{"x":7.218575477600098,"y":0.1817908138036728,"z":12.957557678222657},"rotation":{"x":-0.1938827931880951,"y":0.03605132922530174,"z":-0.007337793707847595,"w":-0.9800642728805542},"size":2.6656572818756105,"orthographic":false}