{"cameraMode":{"drawMode":0,"name":"Shaded","section":"Shading Mode"},"sceneLighting":false,"audioPlay":false,"sceneViewState":{"m_AlwaysRefresh":false,"showFog":true,"showSkybox":false,"showFlares":true,"showImageEffects":true,"showParticleSystems":true,"showVisualEffectGraphs":true,"m_FxEnabled":true},"in2DMode":false,"pivot":{"x":-14.210259437561036,"y":2.412834405899048,"z":5.581729412078857},"rotation":{"x":-0.0003305841819383204,"y":-0.9957836866378784,"z":-0.0035871509462594988,"w":0.09166684746742249},"size":0.8660283088684082,"orthographic":false}