{"cameraMode":{"drawMode":0,"name":"Shaded","section":"Shading Mode"},"sceneLighting":false,"audioPlay":false,"sceneViewState":{"m_AlwaysRefresh":false,"showFog":true,"showSkybox":false,"showFlares":true,"showImageEffects":true,"showParticleSystems":true,"showVisualEffectGraphs":true,"m_FxEnabled":true},"in2DMode":false,"pivot":{"x":-7.389999866485596,"y":0.21000000834465028,"z":8.869999885559082},"rotation":{"x":-0.20137745141983033,"y":0.014696428552269936,"z":-0.0027988299261778595,"w":-0.9792649745941162},"size":2.061140537261963,"orthographic":false}