{"cameraMode":{"drawMode":0,"name":"Shaded","section":"Shading Mode"},"sceneLighting":false,"audioPlay":false,"sceneViewState":{"m_AlwaysRefresh":false,"showFog":true,"showSkybox":false,"showFlares":true,"showImageEffects":true,"showParticleSystems":true,"showVisualEffectGraphs":true,"m_FxEnabled":true},"in2DMode":false,"pivot":{"x":-0.08358629792928696,"y":-0.1990741491317749,"z":1.1421483755111695},"rotation":{"x":-0.0018298884388059378,"y":-0.997739315032959,"z":-0.0386296808719635,"w":0.05218438431620598},"size":0.6080295443534851,"orthographic":false}