{"cameraMode":{"drawMode":0,"name":"Shaded","section":"Shading Mode"},"sceneLighting":true,"audioPlay":false,"sceneViewState":{"m_AlwaysRefresh":false,"showFog":true,"showSkybox":false,"showFlares":true,"showImageEffects":true,"showParticleSystems":true,"showVisualEffectGraphs":true,"m_FxEnabled":true},"in2DMode":false,"pivot":{"x":-0.22271114587783814,"y":1.903321623802185,"z":-2.6362788677215578},"rotation":{"x":0.10358726233243942,"y":0.019569769501686097,"z":-0.0013878853060305119,"w":0.994114100933075},"size":0.8660253882408142,"orthographic":false}