{"cameraMode":{"drawMode":0,"name":"Shaded","section":"Shading Mode"},"sceneLighting":true,"audioPlay":false,"sceneViewState":{"m_AlwaysRefresh":false,"showFog":true,"showSkybox":false,"showFlares":true,"showImageEffects":true,"showParticleSystems":true,"showVisualEffectGraphs":true,"m_FxEnabled":true},"in2DMode":false,"pivot":{"x":0.08071571588516236,"y":2.084944248199463,"z":2.210175037384033},"rotation":{"x":0.052911318838596347,"y":-0.914879322052002,"z":0.37805935740470889,"w":0.1289825439453125},"size":0.8660253882408142,"orthographic":false}