{"cameraMode":{"drawMode":0,"name":"Shaded","section":"Shading Mode"},"sceneLighting":true,"audioPlay":false,"sceneViewState":{"m_AlwaysRefresh":false,"showFog":true,"showSkybox":false,"showFlares":true,"showImageEffects":true,"showParticleSystems":true,"showVisualEffectGraphs":true,"m_FxEnabled":true},"in2DMode":false,"pivot":{"x":-5.180166721343994,"y":-0.14262497425079347,"z":12.242703437805176},"rotation":{"x":-0.08237912505865097,"y":-0.025973375886678697,"z":0.0021283156238496305,"w":-0.9962614178657532},"size":4.160655975341797,"orthographic":false}