{"cameraMode":{"drawMode":0,"name":"Shaded","section":"Shading Mode"},"sceneLighting":false,"audioPlay":false,"sceneViewState":{"m_AlwaysRefresh":false,"showFog":true,"showSkybox":false,"showFlares":true,"showImageEffects":true,"showParticleSystems":true,"showVisualEffectGraphs":true,"m_FxEnabled":true},"in2DMode":false,"pivot":{"x":0.23805415630340577,"y":1.0835776329040528,"z":0.21709686517715455},"rotation":{"x":0.031535737216472629,"y":-0.6592360138893127,"z":-0.027722805738449098,"w":-0.7507839202880859},"size":0.8660283088684082,"orthographic":false}