{"cameraMode":{"drawMode":0,"name":"Shaded","section":"Shading Mode"},"sceneLighting":false,"audioPlay":false,"sceneViewState":{"m_AlwaysRefresh":false,"showFog":true,"showSkybox":false,"showFlares":true,"showImageEffects":true,"showParticleSystems":true,"showVisualEffectGraphs":true,"m_FxEnabled":true},"in2DMode":false,"pivot":{"x":-0.017854327335953714,"y":2.0689265727996828,"z":0.716045618057251},"rotation":{"x":-0.0006853959057480097,"y":-0.9992402195930481,"z":0.01948651857674122,"w":-0.03422018513083458},"size":0.8660283088684082,"orthographic":false}